Instituição financeira;Código;TCB;TD;TC;SR;Segmento;Cidade;UF;Data;Total da Carteira de Pessoa Jurídica;PJ_CG_Vencido_15d;PJ_CG_Vencer_90d;PJ_CG_Vencer_91-360d;PJ_CG_Vencer_361-1080d;PJ_CG_Vencer_1081-1800d;PJ_CG_Vencer_1801-5400d;PJ_CG_Vencer_acima_5400d;PJ_CG_TOTAL;PJ_I_Vencido_15d;PJ_I_Vencer_90d;PJ_I_Vencer_91-360d;PJ_I_Vencer_361-1080d;PJ_I_Vencer_1081-1800d;PJ_I_Vencer_1801-5400d;PJ_I_Vencer_acima_5400d;PJ_I_TOTAL;PJ_CGR_Vencido_15d;PJ_CGR_Vencer_90d;PJ_CGR_Vencer_91-360d;PJ_CGR_Vencer_361-1080d;PJ_CGR_Vencer_1081-1800d;PJ_CGR_Vencer_1801-5400d;PJ_CGR_Vencer_acima_5400d;PJ_CGR_TOTAL;PJ_Recebiveis_Vencido_15d;PJ_Recebiveis_Vencer_90d;PJ_Recebiveis_Vencer_91-360d;PJ_Recebiveis_Vencer_361-1080d;PJ_Recebiveis_Vencer_1081-1800d;PJ_Recebiveis_Vencer_1801-5400d;PJ_Recebiveis_Vencer_acima_5400d;PJ_Recebiveis_TOTAL;PJ_Comex_Vencido_15d;PJ_Comex_Vencer_90d;PJ_Comex_Vencer_91-360d;PJ_Comex_Vencer_361-1080d;PJ_Comex_Vencer_1081-1800d;PJ_Comex_Vencer_1801-5400d;PJ_Comex_Vencer_acima_5400d;PJ_Comex_TOTAL;PJ_Outros_Vencido_15d;PJ_Outros_Vencer_90d;PJ_Outros_Vencer_91-360d;PJ_Outros_Vencer_361-1080d;PJ_Outros_Vencer_1081-1800d;PJ_Outros_Vencer_1801-5400d;PJ_Outros_Vencer_acima_5400d;PJ_Outros_TOTAL;PJ_Infra_Vencido_15d;PJ_Infra_Vencer_90d;PJ_Infra_Vencer_91-360d;PJ_Infra_Vencer_361-1080d;PJ_Infra_Vencer_1081-1800d;PJ_Infra_Vencer_1801-5400d;PJ_Infra_Vencer_acima_5400d;PJ_Infra_TOTAL;PJ_Rural_Vencido_15d;PJ_Rural_Vencer_90d;PJ_Rural_Vencer_91-360d;PJ_Rural_Vencer_361-1080d;PJ_Rural_Vencer_1081-1800d;PJ_Rural_Vencer_1801-5400d;PJ_Rural_Vencer_acima_5400d;PJ_Rural_TOTAL;PJ_Hab_Vencido_15d;PJ_Hab_Vencer_90d;PJ_Hab_Vencer_91-360d;PJ_Hab_Vencer_361-1080d;PJ_Hab_Vencer_1081-1800d;PJ_Hab_Vencer_1801-5400d;PJ_Hab_Vencer_acima_5400d;PJ_Hab_TOTAL;Total Exterior Pessoa Jurídica
BANCO NACIONAL DE DESENVOLVIMENTO ECONOMICO E SOCIAL;33657248;b4;I;1;;4;RIO DE JANEIRO;RJ;01/12/2016;342670568;0;0;0;0;0;0;0;0;0;0;0;0;0;0;0;0;0;0;0;0;0;0;0;0;0;0;0;0;0;0;0;0;0;0;0;0;0;0;0;0;0;0;0;0;0;0;0;0;2444602;14612763;37019491;80447531;60829245;119214246;26989584;341557462;0;55389;132063;322152;254836;348666;0;1113105;0;0;0;0;0;0;0;0;0
BB;49906;b1;C;1;;199;BRASILIA;DF;01/12/2016;331229003;2428417;7628777;15668401;18075046;10389097;3414027;1145407;58749172;84763;502598;1265567;5058034;4405350;20451879;3854305;35622495;290826;1775193;1485108;244114;0;0;99542;3894783;369163;5008249;1455167;512029;122011;49393;178;7516190;535333;6319955;11460746;13249930;5434054;4074765;0;41074782;1958522;5186559;5609850;13760707;17664807;7421650;605420;52207514;891809;4682613;12283412;19926447;9077769;16044772;8318268;71225088;75632;2484183;9485277;4484516;1061596;1924897;14145;19530246;63937;427850;2061235;3202282;162590;42204;124225;6084321;35324411
ITAU;10069;b1;C;2;;199;SAO PAULO;SP;01/12/2016;311845039;714578;8064141;11710702;13216716;2182188;557375;2895;36448595;67990;1562535;2119165;2469585;390526;7304;0;6617104;937933;6722159;121376;0;0;0;0;7781467;78917;11517504;2512723;155303;48565;35238;0;14348250;102392;2966831;6573965;3562639;1682029;449355;0;15337212;879533;1852583;3202932;3354266;1174386;958181;0;11421882;229004;2878696;7635671;11921305;4963871;4817675;343413;32789635;12530;1778978;4193312;1064062;166749;258635;0;7474266;92412;786993;2490187;2533788;241381;19301;389;6164451;173462178
BRADESCO;10045;b1;C;2;;199;OSASCO;SP;01/12/2016;269223701;1822475;9128851;16451628;15157848;3019021;380464;0;45960287;335066;1661565;3208651;3006159;378045;69661;78;8659224;874709;8361078;1078909;1496;0;0;0;10316191;300378;5197167;535361;27274;1191;92;0;6061462;183707;7081315;12295085;5892468;1898182;611323;0;27962080;2977680;7712349;5092522;4242959;1254252;537520;54266;21871549;34190;2583669;7233549;14031301;5079668;8026424;753600;37742401;17306;429272;1613014;1950652;1309616;138601;0;5458460;153735;321576;1887086;6122807;2159751;81049;415;10726419;94465627
CAIXA ECONOMICA FEDERAL;360305;b1;I;1;;6;BRASILIA;DF;01/12/2016;191795877;2630923;11811269;11500770;22598170;5175678;0;11136;53727946;117644;240230;614902;1104200;89716;488;1606;2168786;694027;856702;2352625;108265;561;0;0;4012178;96728;820965;42602;0;0;0;0;960294;64163;1297539;6188256;4860936;3251812;0;0;15662707;3153229;1532699;4001670;3899981;202019;124191;0;12913789;473238;4708135;10753323;20665961;12378724;31194796;9300613;89474789;0;24383;580250;34033;2684;3990;0;645340;211930;4199203;3768200;3409963;330143;310506;103;12230048;0
SANTANDER;30379;b1;C;3;;199;SAO PAULO;SP;01/12/2016;125820331;624506;7668740;8190934;8820158;2461368;1056311;138869;28960886;58620;820332;1693462;1689836;249729;585147;3988;5101115;315593;3674893;1107018;336736;153689;52328;39974;5680232;140946;13854170;4958920;103897;482278;30220;14713;19585145;118166;4609867;6062282;3030677;435424;75980;2435;14334831;717458;1596920;2686918;2595311;1073956;218492;120229;9009285;105295;760678;2081469;4920780;1384977;2130574;1882981;13266754;6516;704954;2450006;573694;166456;62737;5461;3969825;247005;1165255;3221826;1890122;186326;1317714;1435;8029681;17882576
SAFRA;10083;b1;C;2;;199;SAO PAULO;SP;01/12/2016;43638252;240807;2782420;3790346;3400750;410658;34274;0;10659254;7965;660583;1051405;639149;117887;29635;0;2506624;25555;792236;30308;0;23457;0;0;871556;2857;4301057;1040806;7215;287;43676;0;5395899;1417;1716944;2243384;1402874;811522;225000;0;6401140;12998;153670;847517;68126;27862;0;0;1110173;22359;412385;1154460;2810257;571824;355386;0;5326670;407;213328;538641;196366;43626;31880;0;1024248;251;65153;312736;144613;653;0;0;523405;9819282
VOTORANTIM;51011;b1;C;2;;199;SAO PAULO;SP;01/12/2016;14318190;346991;273814;586057;1027432;286513;129716;0;2650524;19041;168033;440364;442961;29014;9;0;1099421;0;0;4474;0;0;0;0;4474;0;1436721;234843;61706;76305;95381;0;1904957;79003;576973;863803;1243052;875983;34752;0;3673566;174084;221;433;1298;1540;3668;0;181243;6483;137162;362765;1194480;526176;745546;0;2972613;0;51521;134415;120224;35441;3870;0;345470;0;0;0;0;0;0;0;0;1485922
CITIBANK;30403;b1;C;3;;199;SAO PAULO;SP;01/12/2016;13312359;50686;1343410;1004482;473493;159307;379;0;3031757;1219;13982;33316;35484;227;0;0;84228;185;232641;1113018;0;0;0;0;1345844;6443;1515758;941714;88382;0;0;0;2552297;85668;872476;1512373;794123;244220;0;0;3508861;4315;596617;182086;2952;0;0;0;785970;32;27522;88727;549688;63452;0;0;729422;8403;278264;967312;19946;55;0;0;1273980;0;0;0;0;0;0;0;0;0
ABC-BRASIL;41856;b1;C;3;;199;SAO PAULO;SP;01/12/2016;11863456;29982;778432;1622739;1197057;138720;30397;0;3797327;0;18032;59701;103271;9609;0;0;190612;2792;80585;35975;0;0;0;0;119352;297;387834;177278;17214;8472;994;0;592089;3374;318067;1067642;556005;101327;0;0;2046415;34913;227608;16968;54783;28080;15200;9;377562;1240;81470;188054;409650;135339;72776;0;888528;0;176059;640523;674109;97606;115606;0;1703903;0;0;0;0;0;0;0;0;2147668
BANRISUL;30173;b1;C;1;;199;PORTO ALEGRE;RS;01/12/2016;11706489;270169;859388;1653732;1951914;352135;66933;0;5154271;2291;19029;38124;40321;14777;27240;0;141783;71816;524846;393394;0;0;0;0;990056;13314;242592;41438;9;0;0;0;297353;18577;385275;540151;12725;5018;0;0;961745;109433;192580;279100;308887;186389;233450;41617;1351455;35978;121394;345224;509924;213752;234811;0;1461083;16282;89020;230177;51783;31625;45683;0;464569;733;30353;143796;432578;109407;13168;0;730035;154139
BANCO COOPERATIVO SICREDI S.A.;1181521;b1;I;2;;11;PORTO ALEGRE;RS;01/12/2016;10077588;0;0;6129;0;0;0;0;6129;302;1230;2983;1947;0;0;0;6462;0;0;0;0;0;0;0;0;0;0;0;0;0;0;0;0;0;11608;44027;0;0;0;0;55635;0;165066;730618;273236;44513;109612;133;1323179;34;39146;104432;229422;150589;122045;0;645668;0;968372;6831914;217646;14817;7767;0;8040515;0;0;0;0;0;0;0;0;0
BANCO REGIONAL DE DESENVOLVIMENTO DO EXTREMO SUL;92816560;b4;I;1;;5;PORTO ALEGRE;RS;01/12/2016;9828970;0;0;0;0;0;0;0;0;1020;1597;3480;3925;1156;264;0;11442;0;0;0;0;0;0;0;0;0;0;0;0;0;0;0;0;0;0;0;0;0;0;0;0;0;0;0;0;0;0;0;0;104599;347502;737681;1751058;1139318;1230513;27876;5338545;7497;202036;476873;1262144;1156661;1373772;0;4478983;0;0;0;0;0;0;0;0;0
BTG PACTUAL;49944;b1;C;2;;199;RIO DE JANEIRO;RJ;01/12/2016;9633700;415448;340560;546986;534415;76940;527909;0;2442258;0;1410;0;0;0;0;0;1410;0;127;0;0;0;0;0;127;5456;89509;255820;210645;101321;5273;0;668024;22796;104937;593548;185666;124467;16729;0;1048142;7054;8951;11309;16766;7689;1802;0;53571;0;5990;21011;102530;140589;792524;1581215;2643857;0;0;0;0;0;0;0;0;0;0;0;0;0;0;0;0;2776310
BANCO VOLKSWAGEN S.A.;59109165;b2;I;3;;8;SAO PAULO;SP;01/12/2016;9034225;6764;52216;148183;216090;48313;11549;0;483115;23167;262003;556048;508767;68780;35;0;1418799;0;0;0;0;0;0;0;0;56474;372269;1053524;40887;11650;0;0;1534804;0;0;0;0;0;0;0;0;0;51276;0;0;0;0;0;51276;131434;725458;1856959;2393735;407978;30668;0;5546231;0;0;0;0;0;0;0;0;0;0;0;0;0;0;0;0;0
BANCO DO NORDESTE DO BRASIL S.A.;7237373;b1;I;1;;8;FORTALEZA;CE;01/12/2016;8393137;86810;279150;505060;634819;98103;102340;74079;1780360;33952;193500;489868;564121;166118;279214;3018;1729790;23568;17802;26048;60;0;0;0;67477;8400;33773;4078;8;0;0;0;46259;0;236872;344274;0;0;0;0;581146;34709;18110;51387;154889;69498;63482;79791;471865;3055;90848;256275;696032;473715;1544649;183931;3248505;247209;2169;8722;18092;55739;135805;0;467735;0;0;0;0;0;0;0;0;0
DAYCOVAL;51987;b1;C;2;;199;SAO PAULO;SP;01/12/2016;7963004;32046;441194;965934;723434;48319;3754;0;2214682;3306;82275;165597;162834;13550;30;0;427591;7283;687223;524993;31341;0;0;0;1250839;24389;2383559;138258;6207;15;0;0;2552428;30242;381941;368527;44315;0;0;0;825025;2388;7468;43673;5992;0;0;0;59520;119;27984;96263;170941;21428;3207;0;319942;0;8981;49884;10314;0;0;0;69180;0;0;0;0;0;0;0;0;243797
BANCOOB;51750;b1;C;2;;199;BRASILIA;DF;01/12/2016;7826763;0;6788;25270;16958;4243;0;0;53260;34;7431;18884;33462;9294;712;0;69817;0;0;0;0;0;0;0;0;0;0;0;0;0;0;0;0;0;0;0;0;0;0;0;0;9241;89824;407764;88845;6674;2585;0;604933;496;14515;46027;133271;93754;47444;0;335506;0;885671;4394116;1304199;110953;68182;125;6763247;0;0;0;0;0;0;0;0;0
MERCEDES-BENZ;51262;b2;C;3;;198;SAO PAULO;SP;01/12/2016;7710063;13710;43971;115404;209896;66941;31;0;449952;8352;87950;205105;267390;52263;121;0;621181;0;0;0;0;0;0;0;0;6876;612669;197139;0;0;0;0;816684;0;0;0;0;0;0;0;0;0;0;0;0;0;0;0;0;64051;654677;1732829;2512331;733723;124635;0;5822246;0;0;0;0;0;0;0;0;0;0;0;0;0;0;0;0;0
BANCO RABOBANK INTERNATIONAL BRASIL S.A.;1023570;b1;I;3;;8;SAO PAULO;SP;01/12/2016;6698429;0;20928;129506;176327;147084;50333;45;524222;0;0;0;0;0;0;0;0;0;0;77160;0;0;0;0;77160;0;5730;184973;0;0;0;0;190703;207546;654594;2138578;1204224;351056;62589;0;4618588;87305;167072;152956;275258;5354;18985;0;706931;0;2839;10785;11136;4517;2252;0;31530;0;30077;110058;185635;125987;97539;0;549296;0;0;0;0;0;0;0;0;0
CREDIT SUISSE;30771;b1;C;3;;199;SAO PAULO;SP;01/12/2016;5890921;1044;106029;128693;216827;26589;0;0;479182;0;0;80832;105033;105033;495165;450032;1236094;0;0;0;0;0;0;0;0;0;0;0;0;0;0;0;0;74660;21047;396405;196070;92234;0;0;780416;7306;9209;5979;26386;17386;0;0;66266;0;0;0;0;0;0;0;0;0;0;0;0;0;0;0;0;0;0;0;0;0;0;0;0;3328962
BANCO DE DESENVOLVIMENTO DE MINAS GERAIS S.A.-BDMG;38486817;b4;I;1;;5;BELO HORIZONTE;MG;01/12/2016;5753564;15568;78925;158413;170905;18386;108508;0;550706;13451;86390;169502;389940;158094;33160;0;850537;0;0;0;0;0;0;0;0;0;0;0;0;0;0;0;0;0;0;0;0;0;0;0;0;0;215;519;813;220;0;0;1767;23416;169792;518144;1401354;836857;811217;18756;3779538;671;66391;154281;165408;80174;104090;0;571015;0;0;0;0;0;0;0;0;0
CCB;32119;b1;C;3;;199;SAO PAULO;SP;01/12/2016;4924023;45697;650427;465111;382726;83491;0;0;1627451;3029;10606;20997;28229;4905;26;0;67792;0;495;213;0;0;0;0;709;0;214;304;639;449;181;0;1787;429;322806;380540;63551;0;0;0;767326;83342;60727;85451;98033;30321;4449;34874;397197;0;0;0;0;0;0;0;0;0;33538;67282;1525;0;0;0;102344;0;0;0;0;0;0;0;0;1959417
ORIGINAL;51781;b1;C;2;;199;SAO PAULO;SP;01/12/2016;4529403;46609;213613;325931;231898;3843;122;0;822016;0;0;0;0;0;0;0;0;0;100969;0;0;0;0;0;100969;38721;2090300;82929;101801;49169;51647;0;2414566;83260;135406;162283;120043;27449;85950;0;614391;19042;20673;69731;70607;4167;0;0;184219;9348;11554;89947;40554;0;0;0;151403;0;16240;77514;0;0;0;0;93755;0;0;0;0;0;0;0;0;148084
BNP PARIBAS;51516;b1;C;3;;199;SAO PAULO;SP;01/12/2016;4455869;0;133421;510369;14094;2778;0;0;660662;0;81;0;10000;0;0;0;10081;0;100665;102942;0;0;0;0;203608;0;958891;3764;572;0;0;0;963227;47280;793477;1155530;180131;0;0;0;2176418;105003;25513;90930;11991;0;0;0;233436;0;8460;26376;56567;497;0;0;91900;0;30442;62795;23299;0;0;0;116536;0;0;0;0;0;0;0;0;0
ALFA;51293;b1;C;2;;199;SAO PAULO;SP;01/12/2016;3937318;1215;381745;362081;50416;2283;0;0;797739;2632;94671;188683;175127;13287;552;0;474952;2081;27533;31397;0;0;0;0;61011;4299;400800;286946;1472;0;0;0;693517;0;13383;70808;0;0;0;0;84190;0;892;2434;4012;714;0;0;8053;347;114562;346202;1102165;188523;65811;0;1817610;0;56;144;45;0;0;0;246;0;0;0;0;0;0;0;0;0
BANCO FIDIS S/A;62237425;b2;I;3;;8;BETIM;MG;01/12/2016;3713561;10543;95088;199373;4412;218;0;0;309635;674;23587;72898;48023;10;0;0;145192;0;0;0;0;0;0;0;0;17123;648524;2411179;0;0;0;0;3076825;0;0;0;0;0;0;0;0;0;0;0;0;0;0;0;0;6302;36774;91110;47722;0;0;0;181909;0;0;0;0;0;0;0;0;0;0;0;0;0;0;0;0;0
BANCO FIBRA S.A.;58616418;b1;I;2;;8;SAO PAULO;SP;01/12/2016;3673612;115707;209298;464190;356076;9993;0;0;1155264;385;382;303;0;0;0;0;1070;0;0;0;0;0;0;0;0;11186;620817;164675;8041;0;0;0;804719;6808;373147;199752;69235;0;0;0;648943;24058;22379;93450;29317;678;0;0;169882;0;1069;595;0;0;0;0;1664;0;101469;207372;30881;0;0;0;339722;0;0;0;0;0;0;0;0;552349
PAN;31323;b1;C;2;;199;SAO PAULO;SP;01/12/2016;3575473;163249;176694;561819;555422;25384;0;0;1482569;244347;149354;308705;176994;14503;928;35;894866;0;0;0;0;0;425514;0;425514;0;628;11301;2849;1308;922;0;17008;34561;74666;288363;133191;10087;0;0;540868;72767;66068;51521;24262;30;0;0;214649;0;0;0;0;0;0;0;0;0;0;0;0;0;0;0;0;0;0;0;0;0;0;0;0;0
PINE;50304;b1;C;2;;199;SAO PAULO;SP;01/12/2016;3539963;40303;297795;478764;860043;69466;33268;0;1779640;0;0;3583;9868;0;0;0;13451;0;0;0;9085;0;0;0;9085;0;0;0;0;0;0;0;0;172;156353;334462;272776;200;0;0;763963;4522;14646;21240;66628;40653;31604;0;179294;20;26303;125080;135441;68855;39314;0;395013;0;9050;25502;6959;0;0;0;41511;0;0;0;0;0;0;0;0;358006
BANCO VOLVO BRASIL S.A.;58017179;b2;I;3;;8;CURITIBA;PR;01/12/2016;3514819;3463;8930;14714;16513;1703;0;0;45324;6449;42580;86694;102167;22717;7117;0;267724;0;0;0;0;0;0;0;0;298;82671;49955;0;0;0;0;132924;0;0;0;0;0;0;0;0;0;0;0;0;0;0;0;0;63427;326459;907258;1449420;311507;10777;0;3068848;0;0;0;0;0;0;0;0;0;0;0;0;0;0;0;0;0
BANCO CNH INDUSTRIAL CAPITAL S.A.;2992446;b2;I;3;;8;CURITIBA;PR;01/12/2016;3295621;7162;1091813;681938;0;0;0;0;1780913;9757;51078;103809;130972;22961;2;0;318580;0;0;0;0;0;0;0;0;0;0;0;0;0;0;0;0;0;0;0;0;0;0;0;0;0;5495;15645;15939;1431;0;0;38510;59992;163702;289946;448320;68637;55;0;1030652;281;2152;29414;52819;31444;10856;0;126966;0;0;0;0;0;0;0;0;0
ING;51073;b1;C;3;;199;SAO PAULO;SP;01/12/2016;3275182;0;18647;107431;98291;0;0;0;224369;0;0;0;0;0;0;0;0;0;0;0;0;0;0;0;0;0;0;0;0;0;0;0;0;0;559382;2075801;0;0;0;0;2635184;0;413805;1825;0;0;0;0;415630;0;0;0;0;0;0;0;0;0;0;0;0;0;0;0;0;0;0;0;0;0;0;0;0;0
BANCO IBM S.A.;34270520;b2;I;3;;8;RIO DE JANEIRO;RJ;01/12/2016;2950892;0;0;0;0;0;0;0;0;8782;456931;973950;1313561;108108;19239;0;2880571;0;0;0;0;0;0;0;0;53;70269;0;0;0;0;0;70321;0;0;0;0;0;0;0;0;0;0;0;0;0;0;0;0;0;0;0;0;0;0;0;0;0;0;0;0;0;0;0;0;0;0;0;0;0;0;0;0;0
MERCANTIL DO BRASIL;20152;b1;C;2;;199;BELO HORIZONTE;MG;01/12/2016;2713861;73652;157293;273249;401392;110312;22993;0;1038892;262;2842;6109;4712;932;0;0;14858;188063;329674;5161;0;0;0;0;522897;5048;14291;146;0;0;0;0;19485;33;15396;47391;0;0;0;0;62820;54252;76722;144301;312747;102977;7262;0;698261;0;0;0;0;0;0;0;0;0;3587;5930;87030;160153;3985;0;260685;0;20230;56682;19052;0;0;0;95964;0
BANCO CATERPILLAR S.A.;2658435;b2;I;3;;8;SAO PAULO;SP;01/12/2016;2593830;3785;35851;82823;160538;207926;41873;0;532796;5821;43253;106607;111965;7709;5;0;275360;0;0;0;0;0;0;0;0;0;0;0;0;0;0;0;0;0;0;0;0;0;0;0;0;3129;3722;6864;6362;168;0;0;20246;44489;196726;517846;791089;152694;62583;0;1765428;0;0;0;0;0;0;0;0;0;0;0;0;0;0;0;0;0
BANCO DA AMAZONIA S.A.;4902979;b1;I;1;;2;BELEM;PA;01/12/2016;2552524;14784;102258;461518;326005;24460;6651;81350;1017026;53;53290;295036;72742;6053;0;0;427174;8408;1913;3945;55;0;0;0;14320;24;1402;28;0;0;0;0;1453;790;23927;31631;0;0;0;0;56348;113;6821;28012;3033;1027;0;0;39005;8191;31881;96973;194396;125596;431103;52136;940276;347;815;15446;19300;12189;8824;0;56922;0;0;0;0;0;0;0;0;0
DEUTSCHE;51183;b1;I;3;;199;SAO PAULO;SP;01/12/2016;2496901;0;245538;216573;8420;986;0;0;471517;0;0;0;0;0;0;0;0;0;203488;174204;0;0;0;0;377692;0;229739;82443;27469;0;0;0;339651;0;281631;77736;0;0;831771;0;1191138;0;97322;18377;1205;0;0;0;116904;0;0;0;0;0;0;0;0;0;0;0;0;0;0;0;0;0;0;0;0;0;0;0;0;0
BANCO SUMITOMO MITSUI BRASILEIRO S.A.;60518222;b1;I;3;;8;SAO PAULO;SP;01/12/2016;2443368;0;248898;91786;182153;2880;1080;0;526797;0;0;0;0;0;0;0;0;0;25437;16509;0;0;0;0;41946;0;0;16211;0;0;0;0;16211;0;74643;189425;410807;0;0;0;674876;0;633;0;81733;0;0;0;82366;0;304;97114;2329;2232;2523;0;104503;0;0;0;0;0;0;0;0;0;0;0;0;0;0;0;0;996670
SOFISA;31873;b1;C;2;;199;SAO PAULO;SP;01/12/2016;2366788;6254;298584;359287;281671;33229;8400;0;987426;104;395;589;247;237;175;0;1747;7305;710457;63994;0;0;0;0;781757;373;37319;2566;0;0;0;0;40258;401;191423;187407;34601;556;0;0;414387;118;119089;13063;2846;939;346;0;136401;0;0;0;0;0;0;0;0;0;0;4812;0;0;0;0;4812;0;0;0;0;0;0;0;0;0
BADESUL DESENVOLVIMENTO S.A - AGÊNCIA DE FOMENTO/RS;2885855;n1;I;1;;30;PORTO ALEGRE;RS;01/12/2016;2008893;0;0;0;0;0;0;0;0;2951;23913;102769;94154;16948;1209;0;241944;0;0;0;0;0;0;0;0;0;0;0;0;0;0;0;0;0;0;0;0;0;0;0;0;1693;0;0;0;0;0;0;1693;27755;75373;236520;584401;366748;355037;4800;1650635;239;4045;19499;36315;23799;30725;0;114622;0;0;0;0;0;0;0;0;0
JOHN DEERE;50071;b1;C;3;;199;INDAIATUBA;SP;01/12/2016;1999906;258;1290;7539;696;0;0;0;9783;15462;33791;103108;109399;10370;0;0;272130;0;0;0;0;0;0;0;0;0;859363;24741;24903;10008;0;0;919014;0;0;0;0;0;0;0;0;132;1295;10134;9185;5037;0;0;25784;3464;12392;37896;80006;20234;0;0;153992;1476;9777;135214;254072;153504;65159;0;619202;0;0;0;0;0;0;0;0;0
BBM;30207;b1;C;2;;199;SALVADOR;BA;01/12/2016;1698736;37878;100630;385419;264747;6733;4095;5751;805252;0;1509;4190;0;0;0;0;5699;0;0;0;0;0;0;0;0;0;8117;9656;73;0;0;0;17846;0;149404;512466;103926;0;0;0;765797;430;6032;3357;11764;11631;12617;0;45831;0;0;0;0;0;0;0;0;0;0;0;0;0;0;0;0;0;0;0;0;0;0;0;0;58311
INDUSTRIAL DO BRASIL;50988;b1;C;2;;199;SAO PAULO;SP;01/12/2016;1689848;7290;134637;273767;234366;26913;17312;0;694285;0;0;0;0;0;0;0;0;1392;218750;0;0;0;0;0;220142;0;417361;21424;337;0;0;0;439122;1413;83691;176480;0;0;0;0;261585;30;430;310;350;0;0;0;1120;10;3331;9749;55056;3549;1898;0;73594;0;0;0;0;0;0;0;0;0;0;0;0;0;0;0;0;0
SCANIA BANCO S.A.;11417016;b2;I;3;;8;SAO BERNARDO DO CAMPO;SP;01/12/2016;1558896;1465;23855;34274;18888;6710;0;0;85193;59;2555;8336;13950;1437;0;0;26336;0;0;0;0;0;0;0;0;0;42115;0;0;0;0;0;42115;0;0;0;0;0;0;0;0;0;0;0;0;0;0;0;0;19218;144166;414162;664885;153172;9649;0;1405252;0;0;0;0;0;0;0;0;0;0;0;0;0;0;0;0;0
BANESTES;30159;b1;C;1;;199;VITORIA;ES;01/12/2016;1521687;7956;77294;180751;210935;46483;1384;0;524803;666;4938;10174;10460;1144;38;0;27421;11612;166632;0;0;0;0;0;178245;1172;56012;3116;0;0;0;0;60299;18306;71311;104453;1986;0;0;0;196056;16085;18940;41822;112349;81708;40458;0;311363;1137;13648;37245;69026;41255;39419;0;201731;0;1522;1026;8608;0;0;0;11155;0;1308;3413;5849;43;0;0;10613;0
BANCO GMAC S.A.;59274605;b2;I;3;;8;SAO PAULO;SP;01/12/2016;1500539;0;0;0;0;0;0;0;0;4478;320980;169583;188719;24033;7;0;707800;0;0;0;0;0;0;0;0;68;93208;699463;0;0;0;0;792739;0;0;0;0;0;0;0;0;0;0;0;0;0;0;0;0;0;0;0;0;0;0;0;0;0;0;0;0;0;0;0;0;0;0;0;0;0;0;0;0;0
BMG;30290;b1;C;2;;199;SAO PAULO;SP;01/12/2016;1440715;102056;356688;518601;264876;5201;174;0;1247595;18;63;0;0;0;0;0;82;2252;9;1640;0;0;53055;0;56956;0;0;0;0;0;0;0;0;0;71540;0;0;0;0;0;71540;16132;594;281;0;0;0;0;17006;6;1034;3091;3357;0;0;0;7488;0;13589;21119;5339;0;0;0;40048;0;0;0;0;0;0;0;0;0
SOCIETE GENERALE;31859;b1;C;3;;199;SAO PAULO;SP;01/12/2016;1430865;262;4630;8622;11031;1056;0;0;25602;3959;121144;244808;424405;107305;4603;0;906224;0;0;0;0;0;0;0;0;0;16570;19927;17948;0;0;0;54446;0;138137;289301;0;0;0;0;427439;4881;0;0;0;0;0;0;4881;420;1251;3684;6663;257;0;0;12274;0;0;0;0;0;0;0;0;0;0;0;0;0;0;0;0;0
BANCO CARGILL S.A.;3609817;b1;I;3;;8;SAO PAULO;SP;01/12/2016;1387232;0;0;0;0;0;0;0;0;0;0;0;0;0;0;0;0;0;0;0;0;0;0;0;0;0;0;0;0;0;0;0;0;416;373472;971740;41605;0;0;0;1387232;0;0;0;0;0;0;0;0;0;0;0;0;0;0;0;0;0;0;0;0;0;0;0;0;0;0;0;0;0;0;0;0;0
BRB;31976;b1;C;1;;199;BRASILIA;DF;01/12/2016;1323649;22785;67728;146574;175285;67736;18151;0;498258;294;646;1313;1072;21;0;0;3347;27148;100940;35608;0;0;0;0;163696;15206;39464;6659;4594;0;0;0;65923;0;0;450;0;0;0;0;450;8441;36701;23627;52606;28265;24166;4507;178314;2858;13579;56238;194509;84871;19549;0;371603;0;517;7007;3226;2209;6400;0;19359;211;1045;3272;14825;2877;469;0;22699;0
HP FINANCIAL SERVICES ARRENDAMENTO MERCANTIL S.A.;97406706;n1;I;3;;19;BARUERI;SP;01/12/2016;1238801;0;0;0;0;0;0;0;0;9369;174627;387058;549666;112323;2474;3284;1238801;0;0;0;0;0;0;0;0;0;0;0;0;0;0;0;0;0;0;0;0;0;0;0;0;0;0;0;0;0;0;0;0;0;0;0;0;0;0;0;0;0;0;0;0;0;0;0;0;0;0;0;0;0;0;0;0;0
BANCO TOYOTA DO BRASIL S.A.;3215790;b2;I;3;;8;SAO PAULO;SP;01/12/2016;1225748;0;391;0;0;0;0;0;391;4318;112941;207729;179801;11099;13;0;515900;0;0;0;0;0;0;0;0;0;709430;0;0;0;0;0;709430;0;0;0;0;0;0;0;0;0;5;13;10;0;0;0;27;0;0;0;0;0;0;0;0;0;0;0;0;0;0;0;0;0;0;0;0;0;0;0;0;0
CREDIT AGRICOLE;51066;b1;C;3;;199;SAO PAULO;SP;01/12/2016;1199446;0;8703;100000;22740;0;0;0;131443;0;77593;0;0;0;0;0;77593;0;32944;48424;0;0;0;0;81368;0;0;0;0;0;0;0;0;0;246546;662496;0;0;0;0;909043;0;0;0;0;0;0;0;0;0;0;0;0;0;0;0;0;0;0;0;0;0;0;0;0;0;0;0;0;0;0;0;0;0
BANCO TRIANGULO S.A.;17351180;b1;I;2;;8;UBERLANDIA;MG;01/12/2016;1199231;15984;114180;220025;201182;34499;2860;0;588730;0;0;0;0;0;0;0;0;1;39269;110491;2519;0;0;0;152280;3728;242583;34020;34;0;0;0;280365;0;2549;6777;4197;0;0;0;13524;5310;12448;2898;348;0;0;0;21004;55;17062;50259;67400;8552;0;0;143328;0;0;0;0;0;0;0;0;0;0;0;0;0;0;0;0;0
JP MORGAN CHASE;20107;b1;C;3;;199;SAO PAULO;SP;01/12/2016;1191240;505;80905;104323;106936;0;0;0;292670;0;0;0;0;0;0;0;0;0;0;0;0;0;0;106240;106240;0;85187;44;0;0;0;0;85231;0;323003;280790;0;0;0;0;603793;0;93068;0;0;0;0;0;93068;0;238;10000;0;0;0;0;10238;0;0;0;0;0;0;0;0;0;0;0;0;0;0;0;0;0
BANCO RODOBENS S.A.;33603457;b1;I;2;;8;SAO PAULO;SP;01/12/2016;1151106;1028;9780;25496;28361;5962;579;0;71206;16363;104476;386248;149865;14443;732;0;672128;0;0;0;0;0;0;0;0;0;0;0;0;0;0;0;0;0;0;0;0;0;0;0;0;2128;4074;2383;3202;887;3168;4666;20508;11135;47659;125719;175164;27558;27;0;387263;0;0;0;0;0;0;0;0;0;0;0;0;0;0;0;0;0
AGÊNCIA DE FOMENTO DO PARANÁ S.A.;3584906;n1;I;1;;30;CURITIBA;PR;01/12/2016;1133548;0;0;0;0;0;0;0;0;955;56421;160555;397365;233044;119638;0;967978;0;0;0;0;0;0;0;0;0;0;0;0;0;0;0;0;0;0;0;0;0;0;0;0;66;789;1642;929;1;0;0;3427;2441;10474;31239;63340;35909;17973;766;162143;0;0;0;0;0;0;0;0;0;0;0;0;0;0;0;0;0
DESENVOLVE SP - AGÊNCIA DE FOMENTO DO ESTADO DE SÃO PAULO S.A.;10663610;n1;I;1;;30;SAO PAULO;SP;01/12/2016;1127736;244;3618;3121;2731;528;227;0;10469;5030;50724;132006;285547;168335;87449;0;729091;0;0;0;0;0;0;0;0;0;0;0;0;0;0;0;0;0;0;0;0;0;0;0;0;0;0;0;0;0;0;0;0;1519;17812;52330;123387;90427;102702;0;388176;0;0;0;0;0;0;0;0;0;0;0;0;0;0;0;0;0
BANCO DE TOKYO-MITSUBISHI UFJ BRASIL S.A.;60498557;b1;I;3;;8;SAO PAULO;SP;01/12/2016;1094919;0;235167;51370;120000;0;0;0;406537;0;0;0;0;0;0;0;0;0;2326;803;0;0;0;0;3129;0;0;0;0;0;0;0;0;0;346579;139583;19380;0;0;0;505542;0;0;1859;0;0;0;0;1859;0;4216;59586;40673;5526;953;0;110954;0;32574;34324;0;0;0;0;66897;0;0;0;0;0;0;0;0;0
INDUSVAL;50531;b1;C;2;;199;SAO PAULO;SP;01/12/2016;1077809;4729;186625;205758;116406;27505;983;0;542007;0;0;0;0;0;0;0;0;0;104;0;0;0;0;0;104;16;1622;4537;788;635;874;0;8473;4816;115289;189113;46799;6230;0;0;362248;9301;4549;7589;16601;16464;4229;0;58733;380;5877;12490;6661;2343;563;0;28315;0;63;0;5000;0;0;0;5063;0;0;0;0;0;0;0;0;72868
BANCO FORD S.A.;90731688;b2;I;3;;8;SAO PAULO;SP;01/12/2016;998436;800;850;1487;4313;5774;0;0;13223;0;0;0;0;0;0;0;0;0;0;0;0;0;0;0;0;50026;376165;546849;1967;0;0;0;975007;0;0;0;0;0;0;0;0;0;24;10181;0;0;0;0;10206;0;0;0;0;0;0;0;0;0;0;0;0;0;0;0;0;0;0;0;0;0;0;0;0;0
SCOTIABANK BRASIL S.A. BANCO MÚLTIPLO;29030467;b1;I;3;;8;SAO PAULO;SP;01/12/2016;930865;0;16686;99636;126292;3140;0;0;245753;0;0;0;0;0;0;0;0;0;0;0;0;0;0;0;0;0;42040;0;0;0;0;0;42040;84624;398457;99979;60012;0;0;0;643072;0;0;0;0;0;0;0;0;0;0;0;0;0;0;0;0;0;0;0;0;0;0;0;0;0;0;0;0;0;0;0;0;0
BANCO LUSO BRASILEIRO S.A.;59118133;b1;I;2;;8;SAO PAULO;SP;01/12/2016;885564;2511;69894;178845;261228;68016;375;0;580869;1034;11981;27783;55632;26735;278;0;123443;24546;25493;38998;0;0;0;0;89036;162;9433;1214;140;0;0;0;10949;0;33976;42842;0;0;0;0;76819;1905;350;653;1506;34;0;0;4448;0;0;0;0;0;0;0;0;0;0;0;0;0;0;0;0;0;0;0;0;0;0;0;0;0
BANCO DE LAGE LANDEN BRASIL S.A.;5040481;b2;I;3;;8;PORTO ALEGRE;RS;01/12/2016;863100;1928;47216;8288;10162;408;0;0;68001;4056;49805;68074;76290;20184;354;0;218764;0;0;0;0;0;0;0;0;0;173945;80764;0;0;0;0;254709;0;0;0;0;0;0;0;0;171;1319;2929;5202;1042;0;0;10663;2956;16550;41305;37597;8391;207;0;107004;460;16050;46901;93095;37355;10099;0;203960;0;0;0;0;0;0;0;0;0
BOFA MERRILL LYNCH;51255;b1;C;3;;199;SAO PAULO;SP;01/12/2016;861383;0;301736;267724;17077;234061;0;0;820597;0;0;0;0;0;0;0;0;0;8723;18246;0;0;0;0;26969;0;0;0;0;0;0;0;0;0;0;0;0;0;0;0;0;0;1;13816;0;0;0;0;13817;0;0;0;0;0;0;0;0;0;0;0;0;0;0;0;0;0;0;0;0;0;0;0;0;0
COOPERATIVA DE CREDITO CREDICITRUS;54037916;b3S;I;2;;9;BEBEDOURO;SP;01/12/2016;808623;1564;57610;134193;107029;11996;0;0;312392;135;4422;8776;13636;1001;2;0;27972;0;5827;5538;68;0;0;0;11433;3573;46940;7316;0;0;0;0;57829;0;0;0;0;0;0;0;0;702;82936;130106;115203;17321;0;0;346268;0;0;0;0;0;0;0;0;0;0;40649;11625;279;176;0;52729;0;0;0;0;0;0;0;0;0
BANCO MONEO S.A.;7441209;b2;I;2;;8;CAXIAS DO SUL;RS;01/12/2016;759310;188;457;0;0;0;0;0;645;605;3819;9593;18112;4613;49;0;36792;0;0;0;0;0;0;0;0;184;16990;4;0;0;0;0;17177;0;0;0;0;0;0;0;0;3945;14458;30322;36739;8172;360;0;93995;13598;58976;161556;275644;95376;5550;0;610701;0;0;0;0;0;0;0;0;0;0;0;0;0;0;0;0;0
BMW;51420;n1;C;3;;197;SAO PAULO;SP;01/12/2016;743387;0;7056;0;0;0;0;0;7056;2321;36622;99023;88929;3524;14;0;230433;0;0;0;0;0;0;0;0;0;474023;31875;0;0;0;0;505898;0;0;0;0;0;0;0;0;0;0;0;0;0;0;0;0;0;0;0;0;0;0;0;0;0;0;0;0;0;0;0;0;0;0;0;0;0;0;0;0;0
AGÊNCIA DE FOMENTO DO ESTADO DE SANTA CATARINA S.A.-BADESC;82937293;n1;I;1;;30;FLORIANOPOLIS;SC;01/12/2016;737589;0;0;0;0;0;0;0;0;9173;36898;107605;174186;31833;6209;0;365904;0;0;0;0;0;0;0;0;0;0;0;0;0;0;0;0;0;0;0;0;0;0;0;0;0;125;342;555;660;0;0;1682;7554;18535;48699;137452;79459;62158;0;353857;0;0;43;2292;5266;8545;0;16146;0;0;0;0;0;0;0;0;0
BANCO ABN AMRO S.A.;3532415;b1;I;3;;8;SAO PAULO;SP;01/12/2016;702286;0;1209;5207;0;0;0;0;6416;0;0;0;0;0;0;0;0;0;0;0;0;0;0;0;0;0;0;0;0;0;0;0;0;0;150915;338476;143432;0;0;0;632823;0;0;0;0;0;0;0;0;0;0;0;0;0;0;0;0;0;15273;45350;2425;0;0;0;63048;0;0;0;0;0;0;0;0;0
CAIXA GERAL;51815;b1;C;3;;199;SAO PAULO;SP;01/12/2016;627562;58555;81042;191947;122052;13622;1500;0;468718;0;0;0;0;0;0;0;0;0;0;0;0;0;0;0;0;0;0;0;0;0;0;0;0;16555;23981;60042;0;0;0;0;100578;19681;14839;0;0;0;0;0;34520;1285;900;2547;6539;6256;6220;0;23746;0;0;0;0;0;0;0;0;0;0;0;0;0;0;0;0;0
MODAL;51963;b1;C;2;;199;RIO DE JANEIRO;RJ;01/12/2016;623680;837;148222;138707;262702;40842;181;0;591491;NI;NI;NI;NI;NI;NI;NI;NI;0;652;1506;0;0;0;0;2158;NI;NI;NI;NI;NI;NI;NI;NI;0;0;10193;0;0;0;0;10193;0;2059;0;0;17779;0;0;19838;NI;NI;NI;NI;NI;NI;NI;NI;NI;NI;NI;NI;NI;NI;NI;NI;NI;NI;NI;NI;NI;NI;NI;NI;NI
COOPERATIVA DE CREDITO VALE DO ITAJAI - VIACREDI;82639451;b3S;I;2;;9;BLUMENAU;SC;01/12/2016;613485;2070;34937;75723;73255;8778;559;0;195322;2922;24749;61154;89851;19928;2169;0;200773;0;6947;32834;32;0;0;0;39813;34;97625;3857;0;0;0;0;101515;0;0;0;0;0;0;0;0;6100;3686;6185;11744;4030;1478;0;33223;387;6721;15993;18148;1568;22;0;42839;0;0;0;0;0;0;0;0;0;0;0;0;0;0;0;0;0
BANCO DA CHINA BRASIL S.A.;10690848;b1;I;3;;8;SAO PAULO;SP;01/12/2016;596226;0;33650;104056;43800;0;0;0;181506;0;0;0;0;0;0;0;0;0;0;0;0;0;0;0;0;0;0;0;0;0;0;0;0;0;235246;99474;80000;0;0;0;414721;0;0;0;0;0;0;0;0;0;0;0;0;0;0;0;0;0;0;0;0;0;0;0;0;0;0;0;0;0;0;0;0;0
MIZUHO;51554;b1;I;3;;199;SAO PAULO;SP;01/12/2016;569221;0;38442;122311;92078;0;0;0;252830;0;0;0;0;0;0;0;0;0;0;0;0;0;0;0;0;0;0;0;0;0;0;0;0;0;32912;161873;0;0;0;0;194785;0;0;0;0;0;0;0;0;0;0;38517;0;0;0;0;38517;0;0;0;0;0;0;0;0;0;0;0;0;0;0;0;0;83088
CARUANA S.A. - SOCIEDADE DE CRÉDITO, FINANCIAMENTO E INVESTIMENTO;9313766;n1;I;2;;14;SAO PAULO;SP;01/12/2016;556007;9643;54815;140545;121741;36715;858;0;364317;5344;23935;50627;74926;13416;399;0;168647;0;0;0;0;0;0;0;0;1223;5305;10616;5900;0;0;0;23043;0;0;0;0;0;0;0;0;0;0;0;0;0;0;0;0;0;0;0;0;0;0;0;0;0;0;0;0;0;0;0;0;0;0;0;0;0;0;0;0;0
DESENBAHIA - AGENCIA DE FOMENTO DO ESTADO DA BAHIA S.A.;15163587;n1;I;1;;30;SALVADOR;BA;01/12/2016;535160;0;596;1710;780;0;0;0;3085;57;7739;19984;58927;54276;54418;0;195401;0;0;0;0;0;0;0;0;0;0;0;0;0;0;0;0;0;0;0;0;0;0;0;0;0;0;0;0;0;0;0;0;3821;9378;25307;65982;51740;73049;0;229277;0;715;3394;7129;52214;43945;0;107397;0;0;0;0;0;0;0;0;0
COOPERATIVA DE CRÉDITO DE LIVRE ADMISSÃO LESTE CAPIXABA - SICOOB LESTE CAPIXABA;32430233;b3S;I;2;;9;LINHARES;ES;01/12/2016;526664;12339;68492;139798;136966;57917;351;34;415897;221;2975;7480;11071;1971;17;0;23734;0;9653;1892;0;0;0;0;11545;2918;41119;4604;0;0;0;0;48642;0;0;0;0;0;0;0;0;1870;1469;3788;13;0;0;0;7140;0;15;45;89;0;0;0;150;0;5729;12568;1185;76;0;0;19557;0;0;0;0;0;0;0;0;0
COOPERATIVA DE CRÉDITO DE LIVRE ADMISSÃO CENTRO BRASILEIRA LTDA.;37395399;b3S;I;2;;9;GOIANIA;GO;01/12/2016;485345;3509;38458;82473;149252;85642;48916;78;408329;9041;2725;7663;14893;2657;2992;0;39972;614;3071;2085;6450;2833;2;0;15055;37;4767;506;0;0;0;0;5310;0;0;0;0;0;0;0;0;1396;371;3947;449;294;0;0;6457;0;0;0;0;0;0;0;0;0;0;9495;726;0;0;0;10222;0;0;0;0;0;0;0;0;0
RENDIMENTO;51468;b1;C;2;;199;SAO PAULO;SP;01/12/2016;482691;548;44098;107728;44474;4151;0;0;200999;0;0;0;0;0;0;0;0;6591;67458;48168;0;0;0;0;122216;1929;85790;18613;10;0;0;0;106342;0;5220;17510;0;0;0;0;22731;4055;44;0;0;0;0;0;4099;0;3431;9025;12907;937;5;0;26303;0;0;0;0;0;0;0;0;0;0;0;0;0;0;0;0;0
HAITONG;51482;b2;C;3;;198;SAO PAULO;SP;01/12/2016;479892;18395;85769;22942;28676;1676;1742;0;159199;0;0;0;0;0;0;0;0;0;0;0;0;0;0;0;0;0;0;0;0;0;0;0;0;675;21;1380;25971;0;17954;1995;47996;0;0;0;0;0;0;0;0;0;6571;19042;44710;37171;127394;22994;257881;0;0;0;0;0;0;0;0;0;0;0;0;0;0;0;0;14815
UNIPRIME NORTE DO PARANA - COOPERATIVA DE ECONOMIA E CRÉDITO MÚTUO DOS MÉDICOS, PROFISSIONAIS DAS CIÊNCIAS E DAS ARTES E EMPRESÁRIOS LTDA.;2398976;b3S;I;2;;9;LONDRINA;PR;01/12/2016;462922;2818;43593;117963;132759;12890;1613;0;311638;31;3820;10350;16845;7783;5648;4;44481;2746;20671;44021;215;0;0;0;67652;338;16097;916;0;0;0;0;17351;0;0;0;0;0;0;0;0;702;1797;4356;8373;3200;2433;0;20861;0;108;324;503;4;0;0;939;0;0;0;0;0;0;0;0;0;0;0;0;0;0;0;0;0
COOPERATIVA DE CRÉDITO MAXI ALFA DE LIVRE ADMISSÃO DE ASSOCIADOS - SICOOB MAXICRÉDITO;78825270;b3S;I;2;;9;CHAPECO;SC;01/12/2016;459022;20724;44506;104137;109838;45044;16750;239;341238;617;3316;8522;12729;2362;594;0;28140;0;10188;4493;0;0;0;0;14682;4627;53160;4434;3;0;0;0;62224;0;0;0;0;0;0;0;0;5080;4557;648;1146;421;204;0;12056;0;0;0;0;0;0;0;0;0;244;248;152;38;0;0;682;0;0;0;0;0;0;0;0;0
BANCO DO ESTADO DE SERGIPE S.A.;13009717;b1;I;1;;8;ARACAJU;SE;01/12/2016;457670;5163;27990;67954;33936;7237;16688;0;158967;262;1319;3434;9132;8477;17991;0;40615;7795;19573;10056;0;0;0;0;37424;835;22089;7243;0;0;0;0;30167;0;0;0;0;0;0;0;0;2881;11612;33341;47817;5623;3067;0;104342;6;2067;5799;14420;1250;824;0;24366;0;0;0;0;0;0;0;0;68;6070;16705;31568;5426;1520;434;61790;0
BANCO GUANABARA S.A.;31880826;b1;I;2;;8;RIO DE JANEIRO;RJ;01/12/2016;445460;10695;66334;146522;111736;654;0;0;335941;878;10224;18386;15701;0;0;0;45190;0;0;0;0;0;0;0;0;282;18129;3220;81;0;0;0;21713;0;0;0;0;0;0;0;0;0;45;75;225;103;0;0;449;157;6854;14845;18758;1554;0;0;42168;0;0;0;0;0;0;0;0;0;0;0;0;0;0;0;0;0
COOPERATIVA DE CRÉDITO E INVESTIMENTO DE LIVRE ADMISSÃO VANGUARDA DA REGIÃO DAS CATARATAS DO IGUAÇU E VALE DO PARAÍBA - SICREDI VANGUARDA PR/SP/RJ;78414067;b3S;I;2;;9;MEDIANEIRA;PR;01/12/2016;430888;1510;20644;48239;57246;8745;1848;471;138702;154;3062;7219;8426;763;30;0;19654;3582;29274;65692;743;0;2;0;99292;244;40286;4764;1;0;0;0;45295;0;0;0;0;0;0;0;0;1235;17722;33650;18529;5547;1125;380;78188;0;0;0;0;0;0;0;0;899;2586;46271;0;0;0;0;49756;0;0;0;0;0;0;0;0;0
COOPERATIVA DE POUPANÇA E CRÉDITO DE LIVRE ADMISSÃO DA REGIÃO DE MARINGÁ - SICOOB METROPOLITANO;3459850;b3S;I;2;;9;MARINGA;PR;01/12/2016;424525;4185;40841;121577;85968;18712;626;123;272032;27;2872;9003;13703;1062;0;0;26668;0;4514;3829;0;0;0;0;8343;1212;68475;5317;16;0;0;0;75019;0;0;0;0;0;0;0;0;918;1981;17140;37;0;0;0;20076;0;0;0;0;0;0;0;0;0;9193;13194;0;0;0;0;22387;0;0;0;0;0;0;0;0;0
COOPERATIVA DE CRÉDITO DOS PRODUTORES RURAIS E EMPRESÁRIOS DO INTERIOR PAULISTA;71328769;b3S;I;2;;9;SERTAOZINHO;SP;01/12/2016;422706;5455;17885;52372;58991;11671;73;0;146446;21;701;1811;2371;182;0;0;5087;0;45579;15580;0;0;0;0;61159;232;19065;1020;0;0;0;0;20317;0;0;0;0;0;0;0;0;2863;5198;17827;28192;23786;17810;0;95676;0;0;0;0;0;0;0;0;831;11812;43419;37959;0;0;0;94020;0;0;0;0;0;0;0;0;0
INTESA SANPAOLO BRASIL S.A. - BANCO MÚLTIPLO;55230916;b1;I;3;;8;SAO PAULO;SP;01/12/2016;421613;0;156628;64758;71750;0;0;0;293137;0;0;0;0;0;0;0;0;0;0;0;0;0;0;0;0;0;0;0;0;0;0;0;0;0;90526;10814;17895;0;0;0;119235;0;3510;2573;3159;0;0;0;9242;0;0;0;0;0;0;0;0;0;0;0;0;0;0;0;0;0;0;0;0;0;0;0;0;0
COOPERATIVA DE CRÉDITO DE LIVRE ADMISSÃO SUL-SERRANA DO ESPÍRITO SANTO;815319;b3S;I;2;;9;VENDA NOVA DO IMIGRANTE;ES;01/12/2016;412530;7067;52552;98330;120259;45451;6661;0;330320;122;1652;4076;6035;884;1;0;12770;0;5306;1718;0;0;0;0;7024;1253;34492;2956;0;0;0;0;38700;0;0;0;0;0;0;0;0;840;6958;10219;280;0;0;0;18298;0;0;0;0;0;0;0;0;0;2099;3012;301;6;0;0;5418;0;0;0;0;0;0;0;0;0
INTERMEDIUM;51884;b1;C;2;;199;BELO HORIZONTE;MG;01/12/2016;408334;15054;104602;77589;47728;8047;253;0;253272;1704;2835;6332;15306;10834;25145;486;62643;0;0;7249;2200;0;0;0;9449;0;0;0;0;0;0;0;0;0;0;0;0;0;0;0;0;2220;6913;10634;32146;16876;14172;8;82970;0;0;0;0;0;0;0;0;0;0;0;0;0;0;0;0;0;0;0;0;0;0;0;0;0
SICOOB CREDICOM - COOPERATIVA DE ECONOMIA E CRÉDITO MÚTUO DOS MÉDICOS E PROFISSIONAIS DA ÁREA DE SAÚDE DE MINAS GERAIS LTDA.;42898825;b3S;I;2;;9;BELO HORIZONTE;MG;01/12/2016;396657;66;32633;75726;149365;67883;42615;0;368286;2;477;1218;1459;847;1458;0;5462;0;13381;0;0;0;0;0;13381;0;1093;865;0;0;0;0;1958;0;0;0;0;0;0;0;0;41;1335;2971;2932;291;0;0;7570;0;0;0;0;0;0;0;0;0;0;0;0;0;0;0;0;0;0;0;0;0;0;0;0;0
COOPERATIVA DE CRÉDITO, POUPANÇA E INVESTIMENTO SICREDI PIONEIRA RS - SICREDI PIONEIRA RS;91586982;b3S;I;2;;9;NOVA PETROPOLIS;RS;01/12/2016;393234;2542;37183;82879;95577;15611;221;0;234012;586;6085;13193;15031;1204;220;0;36319;2074;14778;20945;0;0;0;0;37797;229;23808;1434;0;0;0;0;25471;0;0;0;0;0;0;0;0;1900;6500;17485;19838;7281;391;192;53588;0;0;0;0;0;0;0;0;0;1311;4736;0;0;0;0;6047;0;0;0;0;0;0;0;0;0
SOCOPA;50328;b1;C;2;;199;SAO PAULO;SP;01/12/2016;389589;262;96417;125684;23200;0;0;0;245564;0;18144;49479;5708;0;0;0;73331;0;3489;1824;0;0;0;0;5313;0;53770;9481;0;0;0;0;63250;0;0;0;0;0;0;0;0;0;5;208;1918;0;0;0;2131;0;0;0;0;0;0;0;0;0;0;0;0;0;0;0;0;0;0;0;0;0;0;0;0;0
COOPERATIVA DE CRÉDITO E INVESTIMENTO DE LIVRE ADMISSÃO UNIÃO PARANÁ/SÃO PAULO - SICREDI UNIÃO PR/SP;79342069;b3S;I;2;;9;MARINGA;PR;01/12/2016;363480;2649;30727;51860;49170;5275;963;0;140644;25;712;2658;2893;48;0;0;6336;3595;35676;35804;0;0;0;0;75075;1808;29415;4148;0;0;0;0;35371;0;0;0;0;0;0;0;0;3874;10754;20044;26938;7616;369;613;70209;35;254;476;289;0;0;0;1054;0;10044;23279;1468;0;0;0;34792;0;0;0;0;0;0;0;0;0
COOPERATIVA DE CRÉDITO SICREDI JOÃO PESSOA;35571249;b3S;I;2;;9;JOAO PESSOA;PB;01/12/2016;363434;1386;28296;64478;79432;27372;15246;7;216217;159;3009;7609;13717;4410;9649;1825;40378;0;65417;35520;0;0;0;0;100937;32;4370;666;0;0;0;0;5068;0;0;0;0;0;0;0;0;809;25;0;0;0;0;0;833;0;0;0;0;0;0;0;0;0;0;0;0;0;0;0;0;0;0;0;0;0;0;0;0;0
ICBC DO BRASIL BANCO MÚLTIPLO S.A.;17453575;b1;I;3;;8;SAO PAULO;SP;01/12/2016;358248;0;40403;45380;0;0;0;0;85783;0;0;0;0;0;0;0;0;0;0;0;0;0;0;0;0;0;0;0;0;0;0;0;0;0;135763;136702;0;0;0;0;272465;0;0;0;0;0;0;0;0;0;0;0;0;0;0;0;0;0;0;0;0;0;0;0;0;0;0;0;0;0;0;0;0;0
COOPERATIVA DE CRÉDITO DOS MÉDICOS, PROFISSIONAIS DA ÁREA DA SAÚDE, PROFESSORES, CONTABILISTAS E EMPRESÁRIOS DA GRANDE FLORIANÓPOLIS LTDA. - UNICRED FLORIANÓPOLIS;74064502;b3S;I;2;;9;FLORIANOPOLIS;SC;01/12/2016;338697;1452;25214;72112;100067;36515;26749;0;262109;20;3962;10209;18034;6761;1635;0;40622;162;5523;21203;0;0;0;0;26888;2653;5649;14;1;0;0;0;8316;0;0;0;0;0;0;0;0;106;207;89;179;131;50;0;762;0;0;0;0;0;0;0;0;0;0;0;0;0;0;0;0;0;0;0;0;0;0;0;0;0
BANCO RANDON S.A.;11476673;b2;I;2;;8;CAXIAS DO SUL;RS;01/12/2016;331874;3657;9122;13527;13446;0;0;0;39753;143;3363;4401;2907;326;0;0;11141;0;0;0;0;0;0;0;0;807;103460;10359;906;0;0;0;115533;0;0;0;0;0;0;0;0;0;0;0;0;0;0;0;0;2994;23040;59809;75368;4236;0;0;165447;0;0;0;0;0;0;0;0;0;0;0;0;0;0;0;0;0
COOPERATIVA DE CRÉDITO DE LIVRE ADMISSÃO SUL DO ESPÍRITO SANTO - SICOOB SUL;32467086;b3S;I;2;;9;CACHOEIRO DE ITAPEMIRIM;ES;01/12/2016;316696;4727;33916;61720;89726;27653;1453;0;219195;219;1528;3437;3713;257;1;0;9155;0;12877;2541;0;0;0;0;15419;2970;39138;3788;2;0;0;0;45898;0;0;0;0;0;0;0;0;2774;6854;2138;0;0;0;0;11766;0;0;0;0;0;0;0;0;0;2628;12465;171;0;0;0;15264;0;0;0;0;0;0;0;0;0
COOPERATIVA DE CRÉDITO, POUPANÇA E INVESTIMENTO DE CARLOS BARBOSA - SICREDI SERRANA RS;90608712;b3S;I;2;;9;CARLOS BARBOSA;RS;01/12/2016;314582;555;13738;33498;49106;15583;11958;0;124439;39;1287;3084;5211;1779;1;0;11401;483;25895;62147;211;0;0;0;88736;427;30028;3152;1;0;0;0;33607;0;0;0;0;0;0;0;0;1017;6743;24851;8830;3912;1572;62;46987;0;1;4;3;0;0;0;8;0;0;9405;0;0;0;0;9405;0;0;0;0;0;0;0;0;0
COOPERATIVA DE CRÉDITO DE LIVRE ADMISSÃO DO NORTE DO PARANÁ - SICOOB NORTE DO PARANÁ;5582619;b3S;I;2;;9;LONDRINA;PR;01/12/2016;292210;5249;33087;60256;63273;29240;10829;0;201934;50;181;410;409;55;88;0;1194;0;2163;6970;17;0;0;0;9150;3538;30804;1644;2;0;0;0;35988;0;0;0;0;0;0;0;0;1412;3382;9168;0;0;0;0;13961;0;0;0;0;0;0;0;0;0;12458;17273;251;0;0;0;29982;0;0;0;0;0;0;0;0;0
MÁXIMA;50201;b1;C;2;;199;RIO DE JANEIRO;RJ;01/12/2016;285212;2631;10009;25848;43254;3731;97;0;85568;973;5081;12565;13302;8219;0;0;40139;203;0;0;0;0;0;0;203;NI;NI;NI;NI;NI;NI;NI;NI;NI;NI;NI;NI;NI;NI;NI;NI;754;302;603;1810;752;0;0;4220;278;712;1451;3142;2730;4483;0;12795;NI;NI;NI;NI;NI;NI;NI;NI;1329;3489;7278;18531;21952;88786;921;142286;NI
BRICKELL S.A. CRÉDITO, FINANCIAMENTO E INVESTIMENTO;12865507;n1;I;2;;14;SAO PAULO;SP;01/12/2016;278403;1780;56124;102004;68893;6264;0;0;235065;0;0;0;0;0;0;0;0;99;5990;917;0;0;0;0;7006;344;30628;0;0;0;0;0;30972;0;0;0;0;0;0;0;0;0;184;509;890;29;0;0;1612;0;421;1123;2204;0;0;0;3748;0;0;0;0;0;0;0;0;0;0;0;0;0;0;0;0;0
BANCO RIBEIRAO PRETO S.A.;517645;b1;I;2;;8;RIBEIRAO PRETO;SP;01/12/2016;276096;1988;10066;23195;29998;2408;1765;0;69419;21194;9162;34453;23315;2033;1601;0;91757;0;694;5302;0;0;0;0;5995;0;4315;484;0;0;0;0;4798;0;316;3864;3849;0;0;0;8030;0;0;0;0;0;0;0;0;0;1775;4663;9245;2660;448;0;18791;1216;23810;40519;10635;673;451;0;77304;0;0;0;0;0;0;0;0;0
PORTO SEGURO;51444;n1;C;2;;197;SAO PAULO;SP;01/12/2016;263580;1152;21078;42459;46506;2295;1;0;113491;1616;21865;50318;66308;9934;49;0;150089;0;0;0;0;0;0;0;0;0;0;0;0;0;0;0;0;0;0;0;0;0;0;0;0;0;0;0;0;0;0;0;0;0;0;0;0;0;0;0;0;0;0;0;0;0;0;0;0;0;0;0;0;0;0;0;0;0
PARANÁ BANCO;30881;b1;C;2;;199;CURITIBA;PR;01/12/2016;263430;19223;41627;75885;49639;490;0;0;186864;0;1;41;80;0;0;0;122;104;7259;2656;0;0;0;0;10019;0;267;112;0;0;0;0;379;0;8866;3286;0;0;0;0;12152;2;2;1;0;0;0;0;5;376;8618;20070;20251;336;0;0;49652;0;710;3527;0;0;0;0;4237;0;0;0;0;0;0;0;0;0
COOPERATIVA DE CRÉDITO DE LIVRE ADMISSÃO NORTE DO ESPÍRITO SANTO - SICOOB NORTE;31815293;b3S;I;2;;9;SAO GABRIEL DA PALHA;ES;01/12/2016;254470;4794;25658;90469;45632;9975;6;0;176534;184;1060;2791;4586;747;2;0;9369;0;2889;715;0;0;0;0;3604;2508;23765;4461;0;0;0;0;30734;0;0;0;0;0;0;0;0;492;4039;5510;888;0;0;0;10929;0;0;0;0;0;0;0;0;0;6851;10911;1575;2642;1321;0;23300;0;0;0;0;0;0;0;0;0
COOPERATIVA DE CRÉDITO DE LIVRE ADMISSÃO DE ASSOCIADOS DO LESTE DE SANTA CATARINA E DO PARANÁ LTDA - UNICRED UNIÃO;74114042;b3S;I;2;;9;ITAJAI;SC;01/12/2016;246300;1321;9902;31631;57055;29325;15420;0;144654;2013;7929;21097;34538;17405;9901;0;92883;0;2155;2978;0;0;0;0;5132;0;790;62;0;0;0;0;852;0;0;0;0;0;0;0;0;253;403;695;978;325;119;0;2773;0;0;1;3;0;0;0;5;0;0;0;0;0;0;0;0;0;0;0;0;0;0;0;0;0
BANCO DE DESENVOLVIMENTO DO ESPIRITO SANTO S.A.;28145829;b4;I;1;;5;VITORIA;ES;01/12/2016;243373;NI;NI;NI;NI;NI;NI;NI;NI;1183;7023;18857;43829;33174;23224;0;127290;NI;NI;NI;NI;NI;NI;NI;NI;NI;NI;NI;NI;NI;NI;NI;NI;NI;NI;NI;NI;NI;NI;NI;NI;542;4668;11904;15011;8105;2370;0;42600;1012;5248;15415;33273;12873;1953;0;69774;0;81;186;771;786;1886;0;3709;NI;NI;NI;NI;NI;NI;NI;NI;NI
COOPERATIVA DE CRÉDITO DE LIVRE ADMISSÃO DE ASSOCIADOS SÃO MIGUEL DO OESTE - SICOOB SÃO MIGUEL SC;81607046;b3S;I;2;;9;SAO MIGUEL D'OESTE;SC;01/12/2016;240317;7964;20664;55894;56147;18026;11124;6;169826;113;520;1276;1871;381;429;0;4590;0;2712;0;0;0;0;0;2712;3171;31920;4385;16;0;0;0;39492;0;0;0;0;0;0;0;0;1323;4840;3486;0;0;0;0;9649;0;67;187;338;1;0;0;593;0;3276;10110;70;0;0;0;13455;0;0;0;0;0;0;0;0;0
COOPERATIVA CENTRAL DE CRÉDITO DO RIO GRANDE DO SUL E SANTA CATARINA - CENTRAL SICREDI SUL;87437687;b3C;I;2;;9;PORTO ALEGRE;RS;01/12/2016;236610;0;0;236610;0;0;0;0;236610;0;0;0;0;0;0;0;0;0;0;0;0;0;0;0;0;0;0;0;0;0;0;0;0;0;0;0;0;0;0;0;0;0;0;0;0;0;0;0;0;0;0;0;0;0;0;0;0;0;0;0;0;0;0;0;0;0;0;0;0;0;0;0;0;0
COOPERATIVA DE CRÉDITO DE LIVRE ADMISSÃO DE ASSOCIADOS DO NORTE DO RIO GRANDE DO SUL E OESTE DE SANTA CATARINA - SICREDI NORTE RS/SC;87780268;b3S;I;2;;9;ERECHIM;RS;01/12/2016;232235;371;19180;33475;33472;2906;47;0;89450;144;1628;3934;4778;581;2;0;11067;688;16499;29769;1489;0;0;0;48445;173;25359;1907;0;0;0;0;27440;0;0;0;0;0;0;0;0;792;8696;23849;12918;6015;810;60;53140;0;0;0;0;0;0;0;0;0;81;2565;46;0;0;0;2692;0;0;0;0;0;0;0;0;0
COOPERATIVA DE CRÉDITO DOS EMPRESÁRIOS DA GRANDE CURITIBA E CAMPOS GERAIS - SICOOB SUL;5888589;b3S;I;2;;9;CURITIBA;PR;01/12/2016;232020;2120;24373;59568;66558;13599;178;0;166396;57;1722;4182;5546;566;0;0;12074;0;1865;4089;10;0;0;0;5963;100;23246;1984;2;0;0;0;25332;0;0;0;0;0;0;0;0;346;5288;11582;310;0;0;0;17526;0;6;5;0;0;0;0;11;0;0;4520;200;0;0;0;4720;0;0;0;0;0;0;0;0;0
BANCO BONSUCESSO S.A.;71027866;b1;I;2;;8;BELO HORIZONTE;MG;01/12/2016;226075;1971;106435;48266;39710;14046;2094;0;212522;0;0;0;0;0;0;0;0;0;0;0;0;0;0;0;0;328;753;0;0;0;0;0;1081;0;0;0;0;0;0;0;0;0;0;0;0;0;0;0;0;22;5570;2317;3638;924;1;0;12473;0;0;0;0;0;0;0;0;0;0;0;0;0;0;0;0;0
COOPERATIVA DE CRÉDITO DE LIVRE ADMISSÃO VALE DO PIQUIRI ABCD - SICREDI VALE DO PIQUIRI ABCD PR/SP;81099491;b3S;I;2;;9;PALOTINA;PR;01/12/2016;216534;791;12995;43038;42459;9370;153;0;108806;85;988;2454;3791;609;1;0;7927;3317;9045;14461;17;0;0;0;26840;1108;30216;3247;0;0;0;0;34571;0;0;0;0;0;0;0;0;3292;7066;9738;13062;4272;555;93;38078;0;0;0;0;0;0;0;0;0;0;311;0;0;0;0;311;0;0;0;0;0;0;0;0;0
BANCO TRICURY S.A.;57839805;b2;I;2;;8;SAO PAULO;SP;01/12/2016;214248;5547;45076;62380;85068;16041;136;0;214248;0;0;0;0;0;0;0;0;0;0;0;0;0;0;0;0;0;0;0;0;0;0;0;0;0;0;0;0;0;0;0;0;0;0;0;0;0;0;0;0;0;0;0;0;0;0;0;0;0;0;0;0;0;0;0;0;0;0;0;0;0;0;0;0;0
COOPERATIVA DE CRÉDITO DE LIVRE ADMISSÃO DE ASSOCIADOS SERRO AZUL - SICREDI UNIÃO RS;88894548;b3S;I;2;;9;CERRO LARGO;RS;01/12/2016;214233;708;11934;28132;29289;3378;32;0;73472;156;1591;3986;5498;937;4;0;12172;1962;11321;28392;857;0;0;0;42532;274;19309;2361;0;0;0;0;21944;0;0;0;0;0;0;0;0;1539;10160;20564;17833;5069;198;146;55510;34;252;519;275;0;0;0;1079;0;706;6769;50;0;0;0;7525;0;0;0;0;0;0;0;0;0
COOPERATIVA DE CRÉDITO DE LIVRE ADMISSÃO CENTRO-SERRANA DO ESPÍRITO SANTO - SICOOB CENTRO-SERRANO;31804966;b3S;I;2;;9;SANTA MARIA DE JETIBA;ES;01/12/2016;211489;3658;31758;49626;57725;15937;2423;0;161127;471;1251;3002;3790;675;1;0;9191;0;5365;1719;0;0;0;0;7085;1666;20392;1633;0;0;0;0;23691;0;0;0;0;0;0;0;0;1261;187;35;45;143;0;0;1671;0;0;0;0;0;0;0;0;0;4279;4309;51;51;34;0;8725;0;0;0;0;0;0;0;0;0
HONDA;51396;b2;C;3;;198;SAO PAULO;SP;01/12/2016;210192;0;0;0;0;0;0;0;0;386;12037;29420;27106;874;0;0;69824;0;0;0;0;0;0;0;0;2192;138176;0;0;0;0;0;140368;0;0;0;0;0;0;0;0;0;0;0;0;0;0;0;0;0;0;0;0;0;0;0;0;0;0;0;0;0;0;0;0;0;0;0;0;0;0;0;0;0
COOPERATIVA DE CRÉDITO, POUPANÇA E INVESTIMENTO OURO VERDE DO MATO GROSSO - SICREDI OURO VERDE MT;26529420;b3S;I;2;;9;LUCAS DO RIO VERDE;MT;01/12/2016;203347;682;14496;33490;27486;2590;111;0;78856;236;2191;4944;4880;416;2;0;12669;3622;16323;6096;48;0;0;0;26088;748;16345;2349;0;0;0;0;19442;0;0;0;0;0;0;0;0;3988;12482;30185;15016;2783;986;365;65805;3;16;20;6;0;0;0;45;0;0;443;0;0;0;0;443;0;0;0;0;0;0;0;0;0
BANCO SEMEAR S.A.;795423;b1;I;2;;8;BELO HORIZONTE;MG;01/12/2016;199038;9260;103531;23385;15973;63;0;0;152212;0;167;185;93;0;0;0;444;0;204;0;0;0;0;0;204;1749;34375;5515;0;0;0;0;41638;0;0;0;0;0;0;0;0;164;191;1011;579;562;2034;0;4540;0;0;0;0;0;0;0;0;0;0;0;0;0;0;0;0;0;0;0;0;0;0;0;0;0
COOPERATIVA DE ECONOMIA E CRÉDITO MÚTUO DOS MÉDICOS E DEMAIS PROFISSIONAIS DA ÁREA DE SAÚDE DE CAMPINAS E REGIÃO LTDA. - UNICRED CAMPINAS;71884498;b3S;I;2;;9;CAMPINAS;SP;01/12/2016;197244;1284;9118;21515;30773;16443;14657;0;93790;148;5597;14487;27543;16113;15671;0;79558;34;913;3101;8689;0;0;0;12737;0;877;229;2;0;0;0;1108;0;0;0;0;0;0;0;0;56;1310;1669;2292;810;3791;124;10052;0;0;0;0;0;0;0;0;0;0;0;0;0;0;0;0;0;0;0;0;0;0;0;0;0
COOPERATIVA DE CRÉDITO DE LIVRE ADMISSÃO DE GOIÂNIA E REGIÃO LTDA;4388688;b3S;I;2;;9;GOIANIA;GO;01/12/2016;196843;14102;16774;75989;47899;9356;1635;3298;169054;0;19;10061;109;26;0;0;10216;0;9764;957;0;0;0;0;10721;157;2029;16;0;0;0;0;2202;0;0;0;0;0;0;0;0;138;97;100;448;0;2931;0;3714;0;0;0;0;0;0;0;0;0;0;937;0;0;0;0;937;0;0;0;0;0;0;0;0;0
COOPERATIVA DE CRÉDITO DOS PROPRIETÁRIOS DA INDÚSTRIA DE ROCHAS ORNAMENTAIS, CAL E CALCÁRIOS DO ESTADO DO ESPÍRITO SANTO - SICOOB CREDIROCHAS;3358914;b3S;I;2;;9;CACHOEIRO DE ITAPEMIRIM;ES;01/12/2016;194524;2839;16770;38276;59318;16812;37;0;134051;49;1266;2563;2570;56;0;0;6504;0;6709;3084;0;0;0;0;9793;1328;35430;2906;0;0;0;0;39664;0;0;0;0;0;0;0;0;637;969;2906;0;0;0;0;4512;0;0;0;0;0;0;0;0;0;0;0;0;0;0;0;0;0;0;0;0;0;0;0;0;0
BANCO TOPÁZIO S.A.;7679404;b1;I;2;;8;PORTO ALEGRE;RS;01/12/2016;194379;7542;37631;76981;66145;301;0;0;188598;0;0;0;0;0;0;0;0;0;0;0;0;0;0;0;0;0;5781;0;0;0;0;0;5781;0;0;0;0;0;0;0;0;0;0;0;0;0;0;0;0;0;0;0;0;0;0;0;0;0;0;0;0;0;0;0;0;0;0;0;0;0;0;0;0;0
COOPERATIVA DE CRÉDITO E DE INVESTIMENTO DE LIVRE ADMISSÃO FRONTEIRAS DO IGUAÇU E SUDESTE PAULISTA - SICREDI FRONTEIRAS PR/SC/SP;82527557;b3S;I;2;;9;CAPANEMA;PR;01/12/2016;190981;612;7800;18358;20556;1729;32;0;49087;66;1341;3263;4573;410;0;0;9655;3943;23302;19595;0;0;0;0;46840;1217;26905;3402;0;0;0;0;31524;0;0;0;0;0;0;0;0;1304;8236;16764;12763;3671;0;125;42864;0;0;0;0;0;0;0;0;0;2140;8871;0;0;0;0;11012;0;0;0;0;0;0;0;0;0
COOPERATIVA DE CRÉDITO DE LIVRE ADMISSÃO DO SUDOESTE DA AMAZÔNIA LTDA. - SICOOB CREDISUL.;3632872;b3S;I;2;;9;VILHENA;RO;01/12/2016;186293;3989;22799;40338;56747;15075;211;0;139160;157;440;1030;1292;170;0;0;3090;0;23329;254;0;0;0;0;23583;858;11460;2171;1;0;0;0;14491;0;0;0;0;0;0;0;0;881;189;0;0;0;0;0;1069;0;0;0;0;0;0;0;0;0;1022;3879;0;0;0;0;4901;0;0;0;0;0;0;0;0;0
COOPERATIVA DE CRÉDITO DE LIVRE ADMISSÃO DE ASSOCIADOS ALTO URUGUAI - SICREDI ALTO URUGUAI RS/SC;87733770;b3S;I;2;;9;RODEIO BONITO;RS;01/12/2016;186271;294;9017;19876;20818;2175;0;0;52180;69;2292;4932;6750;1274;0;0;15318;346;9551;30332;89;0;0;0;40319;109;29482;3465;0;0;0;0;33057;0;0;0;0;0;0;0;0;1187;12690;7871;13229;4858;645;38;40517;0;13;23;8;0;0;0;44;0;0;4836;0;0;0;0;4836;0;0;0;0;0;0;0;0;0
COOPERATIVA DE CRÉDITO DOS MÉDICOS, PROFISSIONAIS DA SAÚDE E EMPRESÁRIOS DE MATO GROSSO;36900256;b3S;I;2;;9;CUIABA;MT;01/12/2016;186159;1613;12547;31095;48750;13661;3101;0;110766;236;4503;11157;18078;7652;4041;0;45667;29;3616;4047;0;0;0;0;7692;149;7110;1111;0;0;0;0;8370;0;0;0;0;0;0;0;0;202;839;2392;5277;3226;1728;0;13664;0;0;0;0;0;0;0;0;0;0;0;0;0;0;0;0;0;0;0;0;0;0;0;0;0
COOPERATIVA DE ECONOMIA E CREDITO MUTUO DOS MEDICOS DE PORTO ALEGRE LTDA-UNICRED PORTO ALEGRE;94433109;b3S;I;2;;9;PORTO ALEGRE;RS;01/12/2016;181804;1418;9765;27358;53216;23907;9497;0;125160;34;542;1472;2198;848;68;0;5161;0;1773;9540;0;0;0;0;11313;18;662;62;0;0;0;0;742;0;0;0;0;0;0;0;0;114;3692;8218;14187;7902;5315;0;39428;0;0;0;0;0;0;0;0;0;0;0;0;0;0;0;0;0;0;0;0;0;0;0;0;0
COOPERATIVA DE CRÉDITO DE LIVRE ADMISSÃO DE ASSOCIADOS DA REGIÃO CENTRO DO RGS - SICREDI REGIÃO CENTRO;95594941;b3S;I;2;;9;SANTA MARIA;RS;01/12/2016;178052;576;9980;27986;25722;4203;658;0;69124;182;1059;2570;3316;470;1;0;7596;717;13660;30611;0;0;0;0;44988;209;9952;1971;0;0;0;0;12132;0;0;0;0;0;0;0;0;851;7956;14377;6281;1673;84;94;31316;0;0;0;0;0;0;0;0;0;1409;11487;0;0;0;0;12895;0;0;0;0;0;0;0;0;0
COOPERATIVA DE CRÉDITO DE LIVRE ADMISSÃO DE ASSOCIADOS DO SUDOESTE DE MATO GROSSO - SICREDI SUDOESTE MT;32995755;b3S;I;2;;9;TANGARA DA SERRA;MT;01/12/2016;176705;633;7159;19645;20108;749;0;0;48296;193;1813;3707;4162;383;0;0;10259;3719;21134;32109;0;0;0;0;56962;714;10756;1060;0;0;0;0;12530;0;0;0;0;0;0;0;0;4833;6622;11835;15679;5754;1563;323;46610;1;20;48;21;0;0;0;91;0;0;1658;300;0;0;0;1958;0;0;0;0;0;0;0;0;0
COOPERATIVA DE CRÉDITO DE LIVRE ADMISSÃO DE ASSOCIADOS SICOOB ECOCREDI;11565109;b3S;I;2;;9;TRES COROAS;RS;01/12/2016;175441;4051;14867;30843;44960;15853;272;0;110847;147;492;1203;1495;76;0;0;3413;0;5505;2229;0;0;0;0;7734;5545;32709;2888;0;0;0;0;41142;0;0;0;0;0;0;0;0;1392;5305;2689;39;2760;0;0;12185;2;40;75;4;0;0;0;121;0;0;0;0;0;0;0;0;0;0;0;0;0;0;0;0;0
